scope,operator,t_bucket,l_bucket,num_units,avg_stoc_len,avg_error,metric_mean,metric_std,counts,fractions,thresholds,level_mean_error
operator_default,av,-1,-1,22020096,31.99992443266369,0.00197373959235847,0.31019577383995056,0.2668689787387848,"32,1166,32267,397081,1273633,4188920,7596673,8530324","0.000001,0.000053,0.001465,0.018033,0.057840,0.190232,0.344988,0.387388","1.000000,1.000000,1.000000,0.998976,0.855682,0.405682,0.168443","0.000226,0.000188,0.000360,0.000570,0.001182,0.001739,0.003274,0.008560"
operator_default,input_proj,-1,-1,82944,32.00038580246913,0.015848029404878616,0.27728718519210815,0.1637672781944275,"0,0,0,0,57,3793,75189,3905","0.000000,0.000000,0.000000,0.000000,0.000687,0.045730,0.906503,0.047080","1.000000,1.000000,1.000000,1.000000,0.915837,0.622204,0.073523","0.000729,0.000884,0.001601,0.002577,0.005112,0.008187,0.016152,0.047788"
operator_default,mlp_fc1,-1,-1,79872,31.999599358974358,0.00421688100323081,0.43242332339286804,0.2104739397764206,"0,0,0,0,0,9089,61692,9091","0.000000,0.000000,0.000000,0.000000,0.000000,0.113795,0.772386,0.113820","1.000000,1.000000,1.000000,1.000000,1.000000,0.715439,0.172870","0.000278,0.000337,0.000521,0.000783,0.001440,0.002314,0.004467,0.013881"
operator_default,mlp_fc2,-1,-1,79872,32.00040064102564,0.011200943030416965,0.2627233862876892,0.16211803257465363,"0,0,0,0,0,15610,48654,15608","0.000000,0.000000,0.000000,0.000000,0.000000,0.195438,0.609150,0.195413","1.000000,1.000000,1.000000,1.000000,1.000000,0.381541,0.127361","0.000440,0.000597,0.001145,0.001920,0.003868,0.006450,0.012849,0.038986"
operator_default,proj,-1,-1,86016,32.0,0.007009988650679588,0.2882193624973297,0.16833528876304626,"0,0,0,0,20,11254,63448,11294","0.000000,0.000000,0.000000,0.000000,0.000233,0.130836,0.737630,0.131301","1.000000,1.000000,1.000000,1.000000,0.995618,0.474090,0.125528","0.000226,0.000345,0.000650,0.001065,0.002212,0.003604,0.007427,0.023748"
operator_default,qk,-1,-1,2688,32.00595238095238,0.014017300680279732,0.4203612804412842,0.3005707859992981,"0,0,0,14,64,326,1775,509","0.000000,0.000000,0.000000,0.005208,0.023810,0.121280,0.660342,0.189360","1.000000,1.000000,1.000000,1.000000,1.000000,0.801528,0.123534","0.001050,0.000876,0.001723,0.002742,0.005476,0.008595,0.016829,0.046817"
bucket,av,0,0,1835008,31.999869210379465,0.0026009848807007074,0.374470978975296,0.3117486238479614,"6,49,3173,40581,80738,345275,676484,688702","0.000003,0.000027,0.001729,0.022115,0.043999,0.188160,0.368655,0.375313","1.000000,1.000000,1.000000,0.997432,0.987731,0.538462,0.192184","0.000284,0.000205,0.000432,0.000693,0.001574,0.002233,0.004272,0.011348"
bucket,av,0,1,1835008,31.999886648995535,0.004153185524046421,0.25732895731925964,0.22958146035671234,"0,0,20,2448,44043,340283,1009920,438294","0.000000,0.000000,0.000011,0.001334,0.024002,0.185440,0.550363,0.238851","1.000000,1.000000,1.000000,1.000000,0.981602,0.375246,0.093638","0.000358,0.000286,0.000516,0.000844,0.001746,0.002635,0.005000,0.013002"
bucket,av,0,2,1835008,31.999860491071427,0.004071487579494715,0.31631454825401306,0.30202940106391907,"0,0,117,7490,87391,353520,827510,558980","0.000000,0.000000,0.000064,0.004082,0.047624,0.192653,0.450957,0.304620","1.000000,1.000000,1.000000,1.000000,0.996952,0.438940,0.112598","0.000460,0.000366,0.000620,0.000995,0.001908,0.002915,0.005327,0.013797"
bucket,av,0,3,1835008,31.999886648995535,0.003541652113199234,0.30017390847206116,0.3240832984447479,"0,1,504,16472,117064,327965,741974,631028","0.000000,0.000001,0.000275,0.008977,0.063795,0.178727,0.404344,0.343883","1.000000,1.000000,1.000000,1.000000,0.997470,0.389946,0.096639","0.000447,0.000340,0.000582,0.000933,0.001769,0.002734,0.005010,0.013237"
bucket,av,1,0,917504,32.000052315848215,0.004191633313894272,0.3838086426258087,0.30210426449775696,"0,7,1203,24357,29202,172342,354934,335459","0.000000,0.000008,0.001311,0.026547,0.031828,0.187838,0.386847,0.365621","1.000000,1.000000,1.000000,0.997913,0.989834,0.559545,0.207230","0.000232,0.000311,0.000723,0.001111,0.002653,0.003587,0.006753,0.016687"
bucket,av,1,1,917504,31.9998779296875,0.0035018015187233686,0.25337716937065125,0.21631070971488953,"0,0,12,2494,25612,178936,470235,240215","0.000000,0.000000,0.000013,0.002718,0.027915,0.195025,0.512515,0.261814","1.000000,1.000000,1.000000,1.000000,0.883103,0.355052,0.104840","0.000304,0.000222,0.000419,0.000689,0.001503,0.002244,0.004364,0.011263"
bucket,av,1,2,917504,31.999930245535715,0.0030868926551193,0.2903427481651306,0.28816354274749756,"0,0,119,5377,35646,179014,424816,272532","0.000000,0.000000,0.000130,0.005860,0.038851,0.195110,0.463013,0.297036","1.000000,1.000000,1.000000,1.000000,0.997401,0.389129,0.101256","0.000352,0.000247,0.000434,0.000703,0.001427,0.002148,0.004084,0.010616"
bucket,av,1,3,917504,31.999738420758927,0.002533720573410392,0.28799062967300415,0.3137845993041992,"0,1,316,7487,42352,162773,425229,279346","0.000000,0.000001,0.000344,0.008160,0.046160,0.177408,0.463463,0.304463","1.000000,1.000000,1.000000,1.000000,0.998000,0.383176,0.087222","0.000295,0.000200,0.000361,0.000588,0.001178,0.001819,0.003489,0.009607"
bucket,av,2,0,917504,31.999895368303573,0.003591201500967145,0.38104867935180664,0.2901415228843689,"0,10,354,19230,29429,167162,396149,305170","0.000000,0.000011,0.000386,0.020959,0.032075,0.182192,0.431768,0.332609","1.000000,1.000000,1.000000,0.997920,0.988473,0.565663,0.196845","0.000155,0.000278,0.000707,0.001008,0.002143,0.002874,0.005242,0.013049"
bucket,av,2,1,917504,31.999947684151785,0.002284906804561615,0.2532578706741333,0.20662428438663483,"0,0,51,3370,26651,183285,453771,250376","0.000000,0.000000,0.000056,0.003673,0.029047,0.199765,0.494571,0.272888","1.000000,1.000000,1.000000,1.000000,0.800666,0.351997,0.113282","0.000200,0.000136,0.000269,0.000438,0.000988,0.001473,0.002925,0.007655"
bucket,av,2,2,917504,31.999564034598215,0.0017537780804559588,0.2845570743083954,0.2739475965499878,"0,1,168,5910,29856,174325,448524,258720","0.000000,0.000001,0.000183,0.006441,0.032540,0.189999,0.488852,0.281982","1.000000,1.000000,1.000000,1.000000,0.995230,0.392297,0.102199","0.000203,0.000130,0.000233,0.000377,0.000798,0.001194,0.002324,0.006163"
bucket,av,2,3,917504,31.999930245535715,0.0014820338692516088,0.3050542175769806,0.29711195826530457,"1,23,1010,7692,36433,156348,449707,266290","0.000001,0.000025,0.001101,0.008384,0.039709,0.170406,0.490142,0.290233","1.000000,1.000000,1.000000,1.000000,0.995472,0.445694,0.105611","0.000155,0.000117,0.000212,0.000343,0.000695,0.001083,0.002123,0.006138"
bucket,av,3,0,1835008,32.0,0.001558407093398273,0.35429754853248596,0.23653262853622437,"0,1,483,12881,83735,386308,743390,608210","0.000000,0.000001,0.000263,0.007020,0.045632,0.210521,0.405115,0.331448","1.000000,1.000000,1.000000,1.000000,0.826752,0.484985,0.213713","0.000079,0.000126,0.000298,0.000444,0.000877,0.001221,0.002238,0.005773"
bucket,av,3,1,1835008,31.998552594866073,0.0003697836655192077,0.3094697892665863,0.20332539081573486,"31,239,5180,40131,91082,355650,610287,732408","0.000017,0.000130,0.002823,0.021870,0.049636,0.193814,0.332580,0.399131","1.000000,1.000000,1.000000,0.799153,0.645493,0.413906,0.220768","0.000047,0.000033,0.000068,0.000102,0.000223,0.000324,0.000651,0.001761"
bucket,av,3,2,1835008,31.997358049665177,0.00019962582155130804,0.2893425524234772,0.2108132541179657,"528,1810,23744,59053,77683,277308,557737,837145","0.000288,0.000986,0.012939,0.032181,0.042334,0.151121,0.303943,0.456208","1.000000,1.000000,0.889430,0.727230,0.616085,0.415227,0.217876","0.000040,0.000032,0.000053,0.000080,0.000163,0.000238,0.000453,0.001190"
bucket,av,3,3,1835008,31.998386928013392,0.0002810718142427504,0.3012327551841736,0.20762628316879272,"493,2581,24646,51179,127579,226404,535075,867051","0.000269,0.001407,0.013431,0.027890,0.069525,0.123380,0.291593,0.472505","1.000000,1.000000,0.883500,0.738195,0.573633,0.429936,0.245014","0.000046,0.000046,0.000078,0.000123,0.000231,0.000361,0.000683,0.002019"
bucket,input_proj,0,0,7168,32.002232142857146,0.011161142028868198,0.20539483428001404,0.13377830386161804,"0,0,0,0,12,477,6179,500","0.000000,0.000000,0.000000,0.000000,0.001674,0.066546,0.862026,0.069754","1.000000,1.000000,1.000000,1.000000,0.769226,0.432896,0.058428","0.000833,0.000722,0.001242,0.001984,0.003807,0.006010,0.011467,0.032932"
bucket,input_proj,0,1,7168,32.0,0.013251523487269878,0.4188566207885742,0.197140634059906,"0,0,0,0,0,3,7162,3","0.000000,0.000000,0.000000,0.000000,0.000000,0.000419,0.999163,0.000419","1.000000,1.000000,1.000000,1.000000,1.000000,0.925129,0.026277","0.000437,0.000661,0.001242,0.002018,0.004093,0.006604,0.013252,0.040641"
bucket,input_proj,0,2,7168,32.002232142857146,0.012811650522053242,0.32128551602363586,0.14544381201267242,"0,0,0,0,0,1,7167,0","0.000000,0.000000,0.000000,0.000000,0.000000,0.000140,0.999860,0.000000","1.000000,1.000000,1.000000,1.000000,1.000000,1.000000,0.000000","0.000393,0.000611,0.001165,0.001899,0.003895,0.006307,0.012814,0.039656"
bucket,input_proj,0,3,6144,32.0,0.013281437568366528,0.25265052914619446,0.12254813313484192,"0,0,0,0,0,7,6130,7","0.000000,0.000000,0.000000,0.000000,0.000000,0.001139,0.997721,0.001139","1.000000,1.000000,1.000000,1.000000,1.000000,0.814681,0.020529","0.000390,0.000617,0.001185,0.001940,0.004012,0.006507,0.013283,0.041076"
bucket,input_proj,1,0,3584,32.004464285714285,0.010534152388572693,0.23757410049438477,0.126310795545578,"0,0,0,0,12,276,2997,299","0.000000,0.000000,0.000000,0.000000,0.003348,0.077009,0.836217,0.083426","1.000000,1.000000,1.000000,1.000000,0.766540,0.424597,0.097307","0.000841,0.000714,0.001212,0.001914,0.003665,0.005769,0.010983,0.031754"
bucket,input_proj,1,1,3584,32.004464285714285,0.013537879101932049,0.349701464176178,0.1970243602991104,"0,0,0,0,0,1,3583,0","0.000000,0.000000,0.000000,0.000000,0.000000,0.000279,0.999721,0.000000","1.000000,1.000000,1.000000,1.000000,1.000000,0.973693,0.000000","0.000449,0.000677,0.001274,0.002072,0.004200,0.006758,0.013542,0.041449"
bucket,input_proj,1,2,3584,32.004464285714285,0.013291426002979279,0.35580214858055115,0.15558941662311554,"0,0,0,0,0,1,3583,0","0.000000,0.000000,0.000000,0.000000,0.000000,0.000279,0.999721,0.000000","1.000000,1.000000,1.000000,1.000000,1.000000,0.989242,0.000000","0.000410,0.000637,0.001216,0.001983,0.004067,0.006562,0.013295,0.040932"
bucket,input_proj,1,3,3072,32.005208333333336,0.013602852821350098,0.2572578191757202,0.12050042301416397,"0,0,0,0,0,1,3071,0","0.000000,0.000000,0.000000,0.000000,0.000000,0.000326,0.999674,0.000000","1.000000,1.000000,1.000000,1.000000,1.000000,0.989244,0.000000","0.000408,0.000643,0.001229,0.002012,0.004149,0.006712,0.013607,0.041938"
bucket,input_proj,2,0,3584,32.0,0.012329286895692348,0.25125569105148315,0.14009031653404236,"0,0,0,0,5,181,3207,191","0.000000,0.000000,0.000000,0.000000,0.001395,0.050502,0.894810,0.053292","1.000000,1.000000,1.000000,1.000000,0.840693,0.517730,0.075973","0.000936,0.000822,0.001394,0.002213,0.004180,0.006582,0.012597,0.036732"
bucket,input_proj,2,1,3584,32.004464285714285,0.014880700036883354,0.2760913670063019,0.16589567065238953,"0,0,0,0,0,1,3583,0","0.000000,0.000000,0.000000,0.000000,0.000000,0.000279,0.999721,0.000000","1.000000,1.000000,1.000000,1.000000,1.000000,0.988047,0.000000","0.000494,0.000747,0.001403,0.002286,0.004620,0.007446,0.014885,0.045368"
bucket,input_proj,2,2,3584,32.004464285714285,0.01583597995340824,0.24289485812187195,0.11644134670495987,"0,0,0,0,0,3,3579,2","0.000000,0.000000,0.000000,0.000000,0.000000,0.000837,0.998605,0.000558","1.000000,1.000000,1.000000,1.000000,1.000000,0.813318,0.016226","0.000500,0.000775,0.001468,0.002399,0.004887,0.007893,0.015842,0.048041"
bucket,input_proj,2,3,3072,32.005208333333336,0.019211286678910255,0.27684053778648376,0.17679592967033386,"0,0,0,0,0,2,3069,1","0.000000,0.000000,0.000000,0.000000,0.000000,0.000651,0.999023,0.000326","1.000000,1.000000,1.000000,1.000000,1.000000,0.826012,0.022842","0.000639,0.000975,0.001816,0.002962,0.005984,0.009662,0.019218,0.057217"
bucket,input_proj,3,0,7168,32.002232142857146,0.02065490558743477,0.2646689713001251,0.16439267992973328,"0,0,0,0,3,790,5580,795","0.000000,0.000000,0.000000,0.000000,0.000419,0.110212,0.778460,0.110910","1.000000,1.000000,1.000000,1.000000,0.910409,0.478402,0.082124","0.001938,0.001539,0.002544,0.003920,0.007267,0.011422,0.021691,0.059449"
bucket,input_proj,3,1,7168,32.002232142857146,0.019258739426732063,0.26436087489128113,0.13145402073860168,"0,0,0,0,0,3,7163,2","0.000000,0.000000,0.000000,0.000000,0.000000,0.000419,0.999302,0.000279","1.000000,1.000000,1.000000,1.000000,1.000000,0.868383,0.015660","0.000676,0.001007,0.001863,0.003019,0.006049,0.009708,0.019262,0.057414"
bucket,input_proj,3,2,7168,32.002232142857146,0.019858969375491142,0.21088838577270508,0.10714147239923477,"0,0,0,0,0,10,7149,9","0.000000,0.000000,0.000000,0.000000,0.000000,0.001395,0.997349,0.001256","1.000000,1.000000,1.000000,1.000000,1.000000,0.731127,0.020320","0.000677,0.001023,0.001905,0.003094,0.006243,0.010018,0.019864,0.058329"
bucket,input_proj,3,3,6144,32.002604166666664,0.026283210143446922,0.2578766942024231,0.1991305947303772,"0,0,0,0,0,1,6143,0","0.000000,0.000000,0.000000,0.000000,0.000000,0.000163,0.999837,0.000000","1.000000,1.000000,1.000000,1.000000,1.000000,0.980994,0.000000","0.001031,0.001465,0.002642,0.004262,0.008414,0.013498,0.026287,0.075492"
bucket,mlp_fc1,0,0,7168,32.0,0.0022540756035596132,0.24276205897331238,0.13498841226100922,"0,0,0,0,0,1357,4454,1357","0.000000,0.000000,0.000000,0.000000,0.000000,0.189314,0.621373,0.189314","1.000000,1.000000,1.000000,1.000000,1.000000,0.353264,0.122667","0.000125,0.000139,0.000242,0.000387,0.000751,0.001223,0.002404,0.007440"
bucket,mlp_fc1,0,1,7168,32.0,0.0032147716265171766,0.2972641587257385,0.1522001028060913,"0,0,0,0,0,0,7168,0","0.000000,0.000000,0.000000,0.000000,0.000000,0.000000,1.000000,0.000000","1.000000,1.000000,1.000000,1.000000,1.000000,1.000000,0.000000","0.000108,0.000163,0.000293,0.000467,0.000926,0.001540,0.003215,0.010619"
bucket,mlp_fc1,0,2,7168,32.0,0.00387386791408062,0.3358839452266693,0.15888506174087524,"0,0,0,0,0,7,7154,7","0.000000,0.000000,0.000000,0.000000,0.000000,0.000977,0.998047,0.000977","1.000000,1.000000,1.000000,1.000000,1.000000,0.858137,0.025749","0.000150,0.000214,0.000372,0.000584,0.001138,0.001880,0.003874,0.012736"
bucket,mlp_fc1,0,3,5120,32.0,0.0058831823989748955,0.49547332525253296,0.2286367118358612,"0,0,0,0,0,15,5090,15","0.000000,0.000000,0.000000,0.000000,0.000000,0.002930,0.994141,0.002930","1.000000,1.000000,1.000000,1.000000,1.000000,0.939829,0.062987","0.000345,0.000433,0.000673,0.001019,0.001879,0.003007,0.005885,0.018497"
bucket,mlp_fc1,1,0,3584,32.0,0.0021459071431308985,0.30223363637924194,0.15236195921897888,"0,0,0,0,0,627,2330,627","0.000000,0.000000,0.000000,0.000000,0.000000,0.174944,0.650112,0.174944","1.000000,1.000000,1.000000,1.000000,1.000000,0.445403,0.160295","0.000117,0.000129,0.000228,0.000364,0.000708,0.001149,0.002266,0.007055"
bucket,mlp_fc1,1,1,3584,32.0,0.0033069204073399305,0.40742507576942444,0.17458251118659973,"0,0,0,0,0,0,3584,0","0.000000,0.000000,0.000000,0.000000,0.000000,0.000000,1.000000,0.000000","1.000000,1.000000,1.000000,1.000000,1.000000,1.000000,0.000000","0.000128,0.000184,0.000318,0.000500,0.000972,0.001605,0.003307,0.010866"
bucket,mlp_fc1,1,2,3584,32.0,0.004826742690056562,0.4425595700740814,0.15114642679691315,"0,0,0,0,0,1,3582,1","0.000000,0.000000,0.000000,0.000000,0.000000,0.000279,0.999442,0.000279","1.000000,1.000000,1.000000,1.000000,1.000000,0.980420,0.044074","0.000249,0.000328,0.000524,0.000798,0.001499,0.002428,0.004827,0.015386"
bucket,mlp_fc1,1,3,2560,32.0,0.008517758920788765,0.6931980848312378,0.15012405812740326,"0,0,0,0,0,0,2560,0","0.000000,0.000000,0.000000,0.000000,0.000000,0.000000,1.000000,0.000000","1.000000,1.000000,1.000000,1.000000,1.000000,1.000000,0.000000","0.000683,0.000797,0.001148,0.001668,0.002925,0.004616,0.008518,0.025338"
bucket,mlp_fc1,2,0,3584,32.0,0.002314042067155242,0.30254295468330383,0.14837409555912018,"0,0,0,0,0,770,2044,770","0.000000,0.000000,0.000000,0.000000,0.000000,0.214844,0.570312,0.214844","1.000000,1.000000,1.000000,1.000000,1.000000,0.415374,0.177566","0.000134,0.000144,0.000253,0.000401,0.000778,0.001262,0.002481,0.007701"
bucket,mlp_fc1,2,1,3584,32.0,0.0036585608031600714,0.4103999137878418,0.14618124067783356,"0,0,0,0,0,0,3584,0","0.000000,0.000000,0.000000,0.000000,0.000000,0.000000,1.000000,0.000000","1.000000,1.000000,1.000000,1.000000,1.000000,1.000000,0.000000","0.000155,0.000218,0.000366,0.000570,0.001096,0.001798,0.003659,0.011858"
bucket,mlp_fc1,2,2,3584,32.0,0.0053011528216302395,0.5385535955429077,0.16532689332962036,"0,0,0,0,0,2,3580,2","0.000000,0.000000,0.000000,0.000000,0.000000,0.000558,0.998884,0.000558","1.000000,1.000000,1.000000,1.000000,1.000000,0.964662,0.047300","0.000301,0.000388,0.000603,0.000910,0.001687,0.002725,0.005301,0.016521"
bucket,mlp_fc1,2,3,2560,32.0,0.009295190684497356,0.7077442407608032,0.12497058510780334,"0,0,0,0,0,0,2560,0","0.000000,0.000000,0.000000,0.000000,0.000000,0.000000,1.000000,0.000000","1.000000,1.000000,1.000000,1.000000,1.000000,1.000000,0.000000","0.000847,0.000955,0.001342,0.001924,0.003305,0.005176,0.009295,0.027090"
bucket,mlp_fc1,3,0,7168,31.995535714285715,0.0028782363515347242,0.3362644612789154,0.16270391643047333,"0,0,0,0,1,2302,2559,2306","0.000000,0.000000,0.000000,0.000000,0.000140,0.321150,0.357003,0.321708","1.000000,1.000000,1.000000,1.000000,0.994954,0.399438,0.242105","0.000216,0.000230,0.000368,0.000559,0.001044,0.001668,0.003181,0.009468"
bucket,mlp_fc1,3,1,7168,32.0,0.004162824247032404,0.5186048746109009,0.16983899474143982,"0,0,0,0,0,0,7168,0","0.000000,0.000000,0.000000,0.000000,0.000000,0.000000,1.000000,0.000000","1.000000,1.000000,1.000000,1.000000,1.000000,1.000000,0.000000","0.000213,0.000283,0.000453,0.000692,0.001304,0.002122,0.004163,0.013128"
bucket,mlp_fc1,3,2,7168,32.0,0.005413568578660488,0.5969311594963074,0.1560642421245575,"0,0,0,0,0,1,7166,1","0.000000,0.000000,0.000000,0.000000,0.000000,0.000140,0.999721,0.000140","1.000000,1.000000,1.000000,1.000000,1.000000,1.000000,0.000000","0.000363,0.000447,0.000669,0.000990,0.001774,0.002843,0.005414,0.016836"
bucket,mlp_fc1,3,3,5120,32.0,0.008454367518424988,0.6084638833999634,0.14940617978572845,"0,0,0,0,0,0,5120,0","0.000000,0.000000,0.000000,0.000000,0.000000,0.000000,1.000000,0.000000","1.000000,1.000000,1.000000,1.000000,1.000000,1.000000,0.000000","0.000823,0.000903,0.001249,0.001778,0.003041,0.004734,0.008454,0.024947"
bucket,mlp_fc2,0,0,7168,32.0,0.005403900984674692,0.2293967306613922,0.16274958848953247,"0,0,0,0,1,3071,1023,3073","0.000000,0.000000,0.000000,0.000000,0.000140,0.428432,0.142718,0.428711","1.000000,1.000000,1.000000,1.000000,0.983295,0.214449,0.166004","0.000414,0.000403,0.000758,0.001278,0.002555,0.004247,0.008348,0.025166"
bucket,mlp_fc2,0,1,7168,32.002232142857146,0.02298971824347973,0.21082332730293274,0.10975020378828049,"0,0,0,0,0,1,7167,0","0.000000,0.000000,0.000000,0.000000,0.000000,0.000140,0.999860,0.000000","1.000000,1.000000,1.000000,1.000000,1.000000,1.000000,0.000000","0.000732,0.001093,0.002074,0.003498,0.007016,0.011699,0.022993,0.067867"
bucket,mlp_fc2,0,2,7168,32.002232142857146,0.015153797343373299,0.2026606947183609,0.10549469292163849,"0,0,0,0,0,267,6635,266","0.000000,0.000000,0.000000,0.000000,0.000000,0.037249,0.925642,0.037109","1.000000,1.000000,1.000000,1.000000,1.000000,0.422401,0.062478","0.000545,0.000701,0.001344,0.002264,0.004593,0.007632,0.015274,0.046840"
bucket,mlp_fc2,0,3,5120,32.003125,0.011818845756351948,0.209651917219162,0.13892383873462677,"0,0,0,0,0,766,3589,765","0.000000,0.000000,0.000000,0.000000,0.000000,0.149609,0.700977,0.149414","1.000000,1.000000,1.000000,1.000000,1.000000,0.325218,0.091893","0.000457,0.000589,0.001108,0.001864,0.003757,0.006347,0.012652,0.039034"
bucket,mlp_fc2,1,0,3584,32.0,0.004746526014059782,0.29548048973083496,0.19002901017665863,"0,0,0,0,40,1464,536,1544","0.000000,0.000000,0.000000,0.000000,0.011161,0.408482,0.149554,0.430804","1.000000,1.000000,1.000000,1.000000,0.870738,0.278994,0.224476","0.000322,0.000356,0.000676,0.001136,0.002280,0.003779,0.007476,0.022635"
bucket,mlp_fc2,1,1,3584,32.004464285714285,0.022690607234835625,0.18623283505439758,0.10627691447734833,"0,0,0,0,0,1,3583,0","0.000000,0.000000,0.000000,0.000000,0.000000,0.000279,0.999721,0.000000","1.000000,1.000000,1.000000,1.000000,1.000000,0.930291,0.000000","0.000716,0.001064,0.002034,0.003428,0.006891,0.011481,0.022696,0.067495"
bucket,mlp_fc2,1,2,3584,32.004464285714285,0.013142903335392475,0.20408214628696442,0.12504248321056366,"0,0,0,0,0,253,3079,252","0.000000,0.000000,0.000000,0.000000,0.000000,0.070592,0.859096,0.070312","1.000000,1.000000,1.000000,1.000000,1.000000,0.413502,0.061120","0.000455,0.000602,0.001165,0.001957,0.003993,0.006641,0.013359,0.041210"
bucket,mlp_fc2,1,3,2560,32.00625,0.010317819193005562,0.15608736872673035,0.10989390313625336,"0,0,0,0,0,306,1949,305","0.000000,0.000000,0.000000,0.000000,0.000000,0.119531,0.761328,0.119141","1.000000,1.000000,1.000000,1.000000,1.000000,0.262820,0.058111","0.000339,0.000481,0.000924,0.001538,0.003113,0.005244,0.010678,0.033635"
bucket,mlp_fc2,2,0,3584,32.0,0.0047394935972988605,0.32495594024658203,0.18175008893013,"0,0,0,0,119,1325,577,1563","0.000000,0.000000,0.000000,0.000000,0.033203,0.369699,0.160993,0.436105","1.000000,1.000000,1.000000,1.000000,0.770098,0.324645,0.255955","0.000318,0.000355,0.000675,0.001135,0.002282,0.003778,0.007448,0.022522"
bucket,mlp_fc2,2,1,3584,32.004464285714285,0.023403363302350044,0.19722189009189606,0.10794927179813385,"0,0,0,0,0,1,3583,0","0.000000,0.000000,0.000000,0.000000,0.000000,0.000279,0.999721,0.000000","1.000000,1.000000,1.000000,1.000000,1.000000,0.826815,0.000000","0.000725,0.001094,0.002100,0.003529,0.007104,0.011815,0.023408,0.069766"
bucket,mlp_fc2,2,2,3584,32.004464285714285,0.01218627579510212,0.22773663699626923,0.124468594789505,"0,0,0,0,0,270,3045,269","0.000000,0.000000,0.000000,0.000000,0.000000,0.075335,0.849609,0.075056","1.000000,1.000000,1.000000,1.000000,1.000000,0.424727,0.093927","0.000403,0.000559,0.001091,0.001820,0.003704,0.006141,0.012383,0.038137"
bucket,mlp_fc2,2,3,2560,32.0,0.009252491407096386,0.22397656738758087,0.14501629769802094,"0,0,0,0,0,279,2002,279","0.000000,0.000000,0.000000,0.000000,0.000000,0.108984,0.782031,0.108984","1.000000,1.000000,1.000000,1.000000,1.000000,0.410645,0.077538","0.000305,0.000437,0.000840,0.001399,0.002815,0.004727,0.009576,0.030180"
bucket,mlp_fc2,3,0,7168,32.0,0.004655131138861179,0.33115169405937195,0.18317070603370667,"0,0,0,0,200,2674,1220,3074","0.000000,0.000000,0.000000,0.000000,0.027902,0.373047,0.170201,0.428850","1.000000,1.000000,1.000000,1.000000,0.807325,0.334910,0.265586","0.000322,0.000337,0.000646,0.001078,0.002169,0.003597,0.007177,0.021707"
bucket,mlp_fc2,3,1,7168,32.0,0.016371605917811394,0.3412349820137024,0.16009896993637085,"0,0,0,0,0,190,6788,190","0.000000,0.000000,0.000000,0.000000,0.000000,0.026507,0.946987,0.026507","1.000000,1.000000,1.000000,1.000000,1.000000,0.697007,0.101264","0.000461,0.000746,0.001458,0.002426,0.004908,0.008183,0.016428,0.050121"
bucket,mlp_fc2,3,2,7168,32.0,0.007323223631829023,0.3904643654823303,0.16439083218574524,"0,0,0,0,0,616,5936,616","0.000000,0.000000,0.000000,0.000000,0.000000,0.085938,0.828125,0.085938","1.000000,1.000000,1.000000,1.000000,1.000000,0.628056,0.174683","0.000217,0.000343,0.000678,0.001122,0.002229,0.003706,0.007459,0.022705"
bucket,mlp_fc2,3,3,5120,32.0,0.007903477177023888,0.30577972531318665,0.1560162752866745,"0,0,0,0,0,782,3556,782","0.000000,0.000000,0.000000,0.000000,0.000000,0.152734,0.694531,0.152734","1.000000,1.000000,1.000000,1.000000,1.000000,0.471525,0.154814","0.000259,0.000373,0.000717,0.001190,0.002384,0.004054,0.008177,0.025834"
bucket,proj,0,0,7168,32.0,0.007141634821891785,0.25082826614379883,0.1660977303981781,"0,0,0,0,15,1187,4749,1217","0.000000,0.000000,0.000000,0.000000,0.002093,0.165597,0.662528,0.169782","1.000000,1.000000,1.000000,1.000000,0.938114,0.402234,0.110899","0.000284,0.000398,0.000733,0.001193,0.002428,0.003919,0.007836,0.024158"
bucket,proj,0,1,7168,32.002232142857146,0.010682188905775547,0.26282674074172974,0.12291356921195984,"0,0,0,0,0,14,7141,13","0.000000,0.000000,0.000000,0.000000,0.000000,0.001953,0.996233,0.001814","1.000000,1.000000,1.000000,1.000000,1.000000,0.805681,0.025589","0.000311,0.000489,0.000929,0.001524,0.003171,0.005160,0.010688,0.034209"
bucket,proj,0,2,7168,32.0,0.008467589505016804,0.3009127080440521,0.12536601722240448,"0,0,0,0,0,316,6536,316","0.000000,0.000000,0.000000,0.000000,0.000000,0.044085,0.911830,0.044085","1.000000,1.000000,1.000000,1.000000,1.000000,0.549533,0.126353","0.000249,0.000392,0.000741,0.001217,0.002536,0.004136,0.008544,0.027340"
bucket,proj,0,3,7168,32.0,0.0048548998311161995,0.23877856135368347,0.12470688670873642,"0,0,0,0,0,1563,4042,1563","0.000000,0.000000,0.000000,0.000000,0.000000,0.218052,0.563895,0.218052","1.000000,1.000000,1.000000,1.000000,1.000000,0.325542,0.137548","0.000167,0.000260,0.000487,0.000802,0.001666,0.002718,0.005567,0.017753"
bucket,proj,1,0,3584,32.0,0.005571227055042982,0.27577292919158936,0.17095604538917542,"0,0,0,0,0,724,2136,724","0.000000,0.000000,0.000000,0.000000,0.000000,0.202009,0.595982,0.202009","1.000000,1.000000,1.000000,1.000000,1.000000,0.395689,0.136967","0.000217,0.000306,0.000566,0.000924,0.001886,0.003038,0.006112,0.019050"
bucket,proj,1,1,3584,32.004464285714285,0.009951687417924404,0.24342559278011322,0.11613120883703232,"0,0,0,0,0,4,3577,3","0.000000,0.000000,0.000000,0.000000,0.000000,0.001116,0.998047,0.000837","1.000000,1.000000,1.000000,1.000000,1.000000,0.867256,0.021294","0.000286,0.000450,0.000859,0.001410,0.002938,0.004792,0.009957,0.032013"
bucket,proj,1,2,3584,32.0,0.008398723788559437,0.2770983576774597,0.13138873875141144,"0,0,0,0,0,279,3026,279","0.000000,0.000000,0.000000,0.000000,0.000000,0.077846,0.844308,0.077846","1.000000,1.000000,1.000000,1.000000,1.000000,0.477295,0.123056","0.000248,0.000390,0.000739,0.001213,0.002531,0.004131,0.008547,0.027441"
bucket,proj,1,3,3584,32.0,0.0043922592885792255,0.17857323586940765,0.093778096139431,"0,0,0,0,0,792,2000,792","0.000000,0.000000,0.000000,0.000000,0.000000,0.220982,0.558036,0.220982","1.000000,1.000000,1.000000,1.000000,1.000000,0.230006,0.109684","0.000156,0.000243,0.000455,0.000748,0.001546,0.002525,0.005183,0.016595"
bucket,proj,2,0,3584,32.0,0.005936624947935343,0.282358855009079,0.17300204932689667,"0,0,0,0,0,592,2400,592","0.000000,0.000000,0.000000,0.000000,0.000000,0.165179,0.669643,0.165179","1.000000,1.000000,1.000000,1.000000,1.000000,0.440424,0.126284","0.000225,0.000316,0.000585,0.000950,0.001943,0.003142,0.006351,0.019843"
bucket,proj,2,1,3584,32.004464285714285,0.009747771546244621,0.22560878098011017,0.11114359647035599,"0,0,0,0,0,12,3561,11","0.000000,0.000000,0.000000,0.000000,0.000000,0.003348,0.993583,0.003069","1.000000,1.000000,1.000000,1.000000,1.000000,0.677661,0.030706","0.000277,0.000437,0.000837,0.001372,0.002868,0.004681,0.009757,0.031382"
bucket,proj,2,2,3584,32.0,0.00816731620579958,0.2641771733760834,0.13383162021636963,"0,0,0,0,0,329,2926,329","0.000000,0.000000,0.000000,0.000000,0.000000,0.091797,0.816406,0.091797","1.000000,1.000000,1.000000,1.000000,1.000000,0.446902,0.115107","0.000242,0.000381,0.000720,0.001178,0.002458,0.004018,0.008324,0.026815"
bucket,proj,2,3,3584,32.0,0.0047810799442231655,0.24501024186611176,0.11032184958457947,"0,0,0,0,0,733,2118,733","0.000000,0.000000,0.000000,0.000000,0.000000,0.204520,0.590960,0.204520","1.000000,1.000000,1.000000,1.000000,1.000000,0.327200,0.155547","0.000158,0.000246,0.000459,0.000754,0.001560,0.002551,0.005266,0.016868"
bucket,proj,3,0,7168,32.0,0.005922697484493256,0.32470306754112244,0.19339561462402344,"0,0,0,0,0,1010,5148,1010","0.000000,0.000000,0.000000,0.000000,0.000000,0.140904,0.718192,0.140904","1.000000,1.000000,1.000000,1.000000,1.000000,0.529307,0.124755","0.000225,0.000306,0.000573,0.000929,0.001913,0.003103,0.006354,0.020185"
bucket,proj,3,1,7168,32.002232142857146,0.009491796605288982,0.33815258741378784,0.1851307898759842,"0,0,0,0,0,10,7149,9","0.000000,0.000000,0.000000,0.000000,0.000000,0.001395,0.997349,0.001256","1.000000,1.000000,1.000000,1.000000,1.000000,0.976178,0.012877","0.000262,0.000417,0.000799,0.001320,0.002776,0.004545,0.009494,0.030764"
bucket,proj,3,2,7168,32.0,0.006552197504788637,0.38336196541786194,0.21637789905071259,"0,0,0,0,0,301,6566,301","0.000000,0.000000,0.000000,0.000000,0.000000,0.041992,0.916016,0.041992","1.000000,1.000000,1.000000,1.000000,1.000000,0.803391,0.087588","0.000186,0.000293,0.000560,0.000917,0.001928,0.003147,0.006586,0.021610"
bucket,proj,3,3,7168,32.0,0.004043820314109325,0.36305591464042664,0.2086528241634369,"0,0,0,0,0,894,5380,894","0.000000,0.000000,0.000000,0.000000,0.000000,0.124721,0.750558,0.124721","1.000000,1.000000,1.000000,1.000000,1.000000,0.630007,0.137727","0.000124,0.000195,0.000371,0.000607,0.001267,0.002076,0.004312,0.013950"
bucket,qk,0,0,224,32.07142857142857,0.015712793916463852,0.4130863547325134,0.3143656849861145,"0,0,0,3,9,50,83,79","0.000000,0.000000,0.000000,0.013393,0.040179,0.223214,0.370536,0.352679","1.000000,1.000000,1.000000,1.000000,1.000000,0.614212,0.215515","0.004036,0.001499,0.002834,0.004308,0.008152,0.011962,0.021720,0.054048"
bucket,qk,0,1,224,32.0,0.014054520055651665,0.43091052770614624,0.27690887451171875,"0,0,0,0,1,14,193,16","0.000000,0.000000,0.000000,0.000000,0.004464,0.062500,0.861607,0.071429","1.000000,1.000000,1.000000,1.000000,1.000000,0.969087,0.026950","0.000387,0.000635,0.001282,0.002086,0.004324,0.007034,0.014467,0.043290"
bucket,qk,0,2,224,32.0,0.013315408490598202,0.45030975341796875,0.2938764691352844,"0,0,0,0,0,9,206,9","0.000000,0.000000,0.000000,0.000000,0.000000,0.040179,0.919643,0.040179","1.000000,1.000000,1.000000,1.000000,1.000000,1.000000,0.000000","0.000362,0.000593,0.001195,0.001945,0.004034,0.006584,0.013595,0.041153"
bucket,qk,0,3,224,32.07142857142857,0.01954839564859867,0.4981657564640045,0.3062571585178375,"0,0,0,0,2,8,203,11","0.000000,0.000000,0.000000,0.000000,0.008929,0.035714,0.906250,0.049107","1.000000,1.000000,1.000000,1.000000,1.000000,1.000000,0.000000","0.000567,0.000918,0.001846,0.002998,0.006162,0.009959,0.020180,0.058754"
bucket,qk,1,0,112,32.142857142857146,0.013683639466762543,0.38131245970726013,0.3002670705318451,"0,0,0,0,8,22,45,37","0.000000,0.000000,0.000000,0.000000,0.071429,0.196429,0.401786,0.330357","1.000000,1.000000,1.000000,1.000000,0.926056,0.584066,0.189134","0.002924,0.001206,0.002296,0.003522,0.006730,0.009950,0.018475,0.047624"
bucket,qk,1,1,112,32.142857142857146,0.014152218587696552,0.4120221734046936,0.2768719494342804,"0,0,0,0,0,9,95,8","0.000000,0.000000,0.000000,0.000000,0.000000,0.080357,0.848214,0.071429","1.000000,1.000000,1.000000,1.000000,1.000000,0.829289,0.025732","0.000381,0.000628,0.001267,0.002061,0.004282,0.006986,0.014451,0.043797"
bucket,qk,1,2,112,32.142857142857146,0.012468956410884857,0.42082077264785767,0.28383511304855347,"0,0,0,0,0,5,103,4","0.000000,0.000000,0.000000,0.000000,0.000000,0.044643,0.919643,0.035714","1.000000,1.000000,1.000000,1.000000,1.000000,1.000000,0.000000","0.000338,0.000554,0.001116,0.001819,0.003778,0.006172,0.012785,0.039066"
bucket,qk,1,3,112,32.142857142857146,0.017077317461371422,0.5077479481697083,0.32058587670326233,"0,0,0,0,0,5,103,4","0.000000,0.000000,0.000000,0.000000,0.000000,0.044643,0.919643,0.035714","1.000000,1.000000,1.000000,1.000000,1.000000,1.000000,0.000000","0.000489,0.000792,0.001592,0.002584,0.005322,0.008620,0.017540,0.051681"
bucket,qk,2,0,112,32.142857142857146,0.015843508765101433,0.3759789764881134,0.31464138627052307,"0,0,0,0,8,22,45,37","0.000000,0.000000,0.000000,0.000000,0.071429,0.196429,0.401786,0.330357","1.000000,1.000000,1.000000,1.000000,0.959775,0.572914,0.175563","0.002376,0.001326,0.002550,0.003953,0.007598,0.011351,0.021053,0.053444"
bucket,qk,2,1,112,32.142857142857146,0.013734696432948112,0.3941192030906677,0.2759733200073242,"0,0,0,0,0,7,99,6","0.000000,0.000000,0.000000,0.000000,0.000000,0.062500,0.883929,0.053571","1.000000,1.000000,1.000000,1.000000,1.000000,0.983636,0.000000","0.000367,0.000606,0.001221,0.001988,0.004132,0.006752,0.014017,0.042762"
bucket,qk,2,2,112,32.142857142857146,0.010874316096305847,0.3913429081439972,0.27414441108703613,"0,0,0,0,0,6,101,5","0.000000,0.000000,0.000000,0.000000,0.000000,0.053571,0.901786,0.044643","1.000000,1.000000,1.000000,1.000000,1.000000,1.000000,0.000000","0.000290,0.000477,0.000960,0.001566,0.003259,0.005345,0.011121,0.034365"
bucket,qk,2,3,112,32.0,0.01606111414730549,0.4536396861076355,0.32146260142326355,"0,0,0,0,0,9,94,9","0.000000,0.000000,0.000000,0.000000,0.000000,0.080357,0.839286,0.080357","1.000000,1.000000,1.000000,1.000000,1.000000,0.972463,0.003250","0.000453,0.000742,0.001489,0.002422,0.004992,0.008109,0.016588,0.049132"
bucket,qk,3,0,224,32.07142857142857,0.021364081650972366,0.3470393717288971,0.31780192255973816,"0,0,0,1,16,43,86,78","0.000000,0.000000,0.000000,0.004464,0.071429,0.191964,0.383929,0.348214","1.000000,1.000000,1.000000,1.000000,0.953898,0.537162,0.137161","0.002269,0.001757,0.003404,0.005343,0.010315,0.015601,0.028645,0.070168"
bucket,qk,3,1,224,32.07142857142857,0.010095219127833843,0.41492635011672974,0.28260287642478943,"0,0,0,0,0,35,155,34","0.000000,0.000000,0.000000,0.000000,0.000000,0.156250,0.691964,0.151786","1.000000,1.000000,1.000000,1.000000,1.000000,0.745908,0.131185","0.000291,0.000484,0.000969,0.001579,0.003281,0.005346,0.011079,0.034218"
bucket,qk,3,2,224,32.0,0.005690353456884623,0.35982927680015564,0.2798592150211334,"0,0,0,0,1,44,133,46","0.000000,0.000000,0.000000,0.000000,0.004464,0.196429,0.593750,0.205357","1.000000,1.000000,1.000000,1.000000,1.000000,0.565364,0.117903","0.000170,0.000280,0.000560,0.000913,0.001893,0.003113,0.006499,0.020456"
bucket,qk,3,3,224,32.07142857142857,0.015107802115380764,0.4615762233734131,0.3042387068271637,"0,0,0,5,14,22,114,69","0.000000,0.000000,0.000000,0.022321,0.062500,0.098214,0.508929,0.308036","1.000000,1.000000,1.000000,1.000000,0.971603,0.825174,0.265366","0.000711,0.001184,0.002344,0.003771,0.007507,0.011903,0.022752,0.058778"
